ensembl_gene_id,gene_name,gene_type,base_mean,raw_log2_fold_change,shrunken_log2_fold_change,statistic,p_value,adjusted_p_value,selected,direction
ENSG00000125787.11,GNRH2,protein_coding,15.258092975020624,3.3678075707122517,3.297349073594317,11.463097826419023,2.021524615529136e-30,6.17434263321064e-26,TRUE,Higher in G12C
ENSG00000130055.14,GDPD2,protein_coding,28.467167012528325,2.9515359334345095,2.848172068852484,10.322236414946516,5.590554531195491e-25,8.537615352315194e-21,TRUE,Higher in G12C
ENSG00000142619.4,PADI3,protein_coding,316.2728401394532,-5.453186731094917,-5.320024590351374,-9.546084881012872,1.3469038594340353e-21,1.3712828192897912e-17,TRUE,Lower in G12C
ENSG00000279128.1,AC078925.2,TEC,6.81288949985227,2.5974634031119073,2.5244322217565025,8.727801588509113,2.596706878107283e-18,1.9827804544507687e-14,TRUE,Higher in G12C
ENSG00000196358.11,NTNG2,protein_coding,285.2023974498074,2.2130553512148046,2.1460537490869744,8.460407769793562,2.6644420384384542e-17,1.6276010636005141e-13,TRUE,Higher in G12C
ENSG00000229190.1,AC069542.1,lncRNA,4.404113215045465,2.53037938885304,2.4282396866177054,8.277888480970223,1.253785593248609e-16,5.693626013292117e-13,TRUE,Higher in G12C
ENSG00000279993.1,AC078925.3,TEC,5.702030551721509,2.473584267371636,2.3904553915435622,8.273128057256303,1.3048941522785849e-16,5.693626013292117e-13,TRUE,Higher in G12C
ENSG00000107295.10,SH3GL2,protein_coding,43.10887742222026,-2.938212864057073,-2.8342761669678556,-7.80260225736767,6.064345337875972e-15,2.1927362045811283e-11,TRUE,Lower in G12C
ENSG00000266602.2,AP005262.1,lncRNA,34.88701558185302,-3.79969488255161,-3.651570988494003,-7.794600447666846,6.461259811161365e-15,2.1927362045811283e-11,TRUE,Lower in G12C
ENSG00000080644.16,CHRNA3,protein_coding,41.51164359231312,1.8339044819397605,1.7682086772106078,7.755344632214192,8.810388295999515e-15,2.690956897247132e-11,TRUE,Higher in G12C
ENSG00000228271.2,LINC02048,lncRNA,12.27738814225104,3.2258220236998163,3.1008023053820932,7.6642300576321105,1.7990716371212905e-14,4.995367728417779e-11,TRUE,Higher in G12C
ENSG00000168454.12,TXNDC2,protein_coding,8.931709143793038,1.921447216068337,1.8523241925041405,7.606750553915141,2.8107304983458668e-14,7.154011800914817e-11,TRUE,Higher in G12C
ENSG00000197181.12,PIWIL2,protein_coding,47.53564030763311,-2.3037087317248823,-2.2301745812446856,-7.595579095227438,3.064189993225403e-14,7.199196535621806e-11,TRUE,Lower in G12C
ENSG00000133454.16,MYO18B,protein_coding,55.91181512934454,-3.2160929479819695,-3.0900201769866307,-7.5062997322224305,6.082206921228348e-14,1.2384589733005162e-10,TRUE,Lower in G12C
ENSG00000126950.8,TMEM35A,protein_coding,101.45380992429456,1.8521608264917326,1.7801503064679958,7.488808324072742,6.950175303146275e-14,1.2487012016705688e-10,TRUE,Higher in G12C
ENSG00000258819.2,LINC02289,lncRNA,45.358879354341816,1.696245203947828,1.6293390190390495,7.491581209192422,6.804875804638725e-14,1.2487012016705688e-10,TRUE,Higher in G12C
ENSG00000266976.3,AC079466.1,lncRNA,28.460748395276813,5.338919527303369,4.986851490240974,7.480511166696144,7.403407688360468e-14,1.256234894586632e-10,TRUE,Higher in G12C
ENSG00000009694.13,TENM1,protein_coding,490.08122396561794,2.5380862863213225,2.4392644873769056,7.446683342693553,9.571598692804283e-14,1.5386596782859011e-10,TRUE,Higher in G12C
ENSG00000265158.1,LRRC37A7P,transcribed_processed_pseudogene,21.359356708861423,2.1377660557824556,2.0009833573606812,7.419649510843702,1.1743067153557637e-13,1.7933425003555545e-10,TRUE,Higher in G12C
ENSG00000120659.15,TNFSF11,protein_coding,120.2329777398461,1.9440697432003033,1.8702703202992077,7.394747949127698,1.4167675484952456e-13,2.009643199450733e-10,TRUE,Higher in G12C
ENSG00000211944.2,IGHV3-16,IG_V_gene,6.068412302005841,2.625111925649291,2.522313611936947,7.38598090867345,1.5133350878226388e-13,2.009643199450733e-10,TRUE,Higher in G12C
ENSG00000258986.7,TMEM179,protein_coding,57.8849275772154,-3.5074726680590076,-3.3686867461174015,-7.389726126832964,1.4713154851490229e-13,2.009643199450733e-10,TRUE,Lower in G12C
ENSG00000154217.15,PITPNC1,protein_coding,2057.3443532125743,1.1039337978025798,1.0629469534419764,7.367423021284618,1.7395782105443474e-13,2.1252774913862402e-10,TRUE,Higher in G12C
ENSG00000157851.17,DPYSL5,protein_coding,88.18457581303147,-4.596848123729079,-4.371809533853746,-7.370869900119067,1.6951821561637488e-13,2.1252774913862402e-10,TRUE,Lower in G12C
ENSG00000143469.20,SYT14,protein_coding,85.22575355282142,-2.9891764248946506,-2.861858657968901,-7.301778820938021,2.8398783986611106e-13,3.336092535781012e-10,TRUE,Lower in G12C
ENSG00000279133.1,AC018628.1,TEC,104.41376596743972,1.0800897047587747,1.0425105719367849,7.269762150579425,3.601210134067585e-13,3.9282771830295093e-10,TRUE,Higher in G12C
ENSG00000167355.8,OR51B5,protein_coding,11.44815799038872,-3.1682504459851693,-3.0377780459137163,-7.2537350859908,4.054327332053191e-13,4.270045506996573e-10,TRUE,Lower in G12C
ENSG00000170858.10,LILRP2,transcribed_processed_pseudogene,15.437724236416443,2.413285514629936,2.2846756700791673,7.187209550882275,6.612887861154738e-13,6.515401094943522e-10,TRUE,Higher in G12C
ENSG00000186912.6,P2RY4,protein_coding,16.309919983660425,2.2641180039241227,2.1430241994713857,7.15513662942853,8.358962503986206e-13,7.978368492476585e-10,TRUE,Higher in G12C
ENSG00000186529.16,CYP4F3,protein_coding,649.8462250672382,-2.9112895022056007,-2.7631696642823864,-7.098123511952239,1.2646214481316356e-12,1.1704646330389256e-9,TRUE,Lower in G12C
ENSG00000198883.12,PNMA5,protein_coding,190.98635632097825,-3.3590168921018027,-3.159689446046426,-7.035403123637913,1.986857226695823e-12,1.7848405963226627e-9,TRUE,Lower in G12C
ENSG00000196364.9,PRSS29P,transcribed_unprocessed_pseudogene,22.77077721188606,3.7946378145976865,3.600831678359873,7.030050772216744,2.0645839732251624e-12,1.801673951263318e-9,TRUE,Higher in G12C
ENSG00000173253.15,DMRT2,protein_coding,44.24741824108772,-2.1455147863841946,-2.0521189978000525,-6.99150956493339,2.719440825202534e-12,2.2448616520043514e-9,TRUE,Lower in G12C
ENSG00000286081.1,AC016682.1,lncRNA,7.115853851076832,-3.3532214930199875,-3.19616746893863,-6.872523754632901,6.30758725526029e-12,5.069806250984607e-9,TRUE,Lower in G12C
ENSG00000145526.12,CDH18,protein_coding,54.56173116125897,-4.125658221497072,-3.929745576979329,-6.86209909552727,6.785596336909719e-12,5.181311722955839e-9,TRUE,Lower in G12C
ENSG00000156687.11,UNC5D,protein_coding,102.84433602862741,3.6413113083410282,3.3733540493940626,6.8647316974864285,6.661633685698812e-12,5.181311722955839e-9,TRUE,Higher in G12C
ENSG00000256810.2,AC078925.1,lncRNA,4.14850518188778,2.0124438360115606,1.917591468013958,6.802135046770738,1.0307989824747169e-11,7.678949590664702e-9,TRUE,Higher in G12C
ENSG00000187775.17,DNAH17,protein_coding,326.78136235226344,1.217632325660808,1.1727452126047293,6.774670312219773,1.2469027012021985e-11,9.003495098560948e-9,TRUE,Higher in G12C
ENSG00000269964.3,MEI4,protein_coding,17.66578246029978,-3.283180428822957,-3.1086431096477947,-6.772294459787328,1.2675581614056273e-11,9.003495098560948e-9,TRUE,Lower in G12C
ENSG00000003987.14,MTMR7,protein_coding,310.7928648289803,1.8191454187048388,1.7334350282251625,6.731575470171145,1.6783573850912195e-11,1.16504703665548e-8,TRUE,Higher in G12C
ENSG00000137090.12,DMRT1,protein_coding,10.634490649784533,-3.4106705968153337,-3.2559229400912963,-6.724499899780974,1.7619654113414967e-11,1.1959046568578518e-8,TRUE,Lower in G12C
ENSG00000176402.6,GJC3,protein_coding,24.09712537509754,-1.9236805069840863,-1.8262658175479436,-6.605967045456406,3.949307419665288e-11,2.5664616280603594e-8,TRUE,Lower in G12C
ENSG00000119125.17,GDA,protein_coding,177.24516773608917,-2.747312762259508,-2.6076661852374126,-6.5706705659461395,5.0089169421029946e-11,3.187236461721912e-8,TRUE,Lower in G12C
ENSG00000253632.1,AC084026.2,lncRNA,6.948221787007993,2.0873552522584964,1.987723037442653,6.567194853134191,5.1271936663424126e-11,3.195915839818292e-8,TRUE,Higher in G12C
ENSG00000171766.17,GATM,protein_coding,1242.342279855163,-1.354714048461856,-1.2860380607080433,-6.510359096673959,7.497136388631632e-11,4.5797007343595185e-8,TRUE,Lower in G12C
ENSG00000161055.4,SCGB3A1,protein_coding,24556.242580714654,-2.71364669905226,-2.5716829116373012,-6.480342894892975,9.151439992682525e-11,5.4806359156176934e-8,TRUE,Lower in G12C
ENSG00000089199.10,CHGB,protein_coding,1315.5477667617927,2.829379777431512,2.6690627035137733,6.458331042012605,1.058639665470304e-10,6.218082942780672e-8,TRUE,Higher in G12C
ENSG00000170162.14,VGLL2,protein_coding,104.0247004872982,-5.952424309030741,-5.406449742363595,-6.443382337084579,1.1683985884561156e-10,6.73328265796512e-8,TRUE,Lower in G12C
ENSG00000113889.14,KNG1,protein_coding,44.073786493453575,-3.4935630757832095,-3.2915720947827247,-6.420147695748666,1.3614219289520777e-10,7.425341067139877e-8,TRUE,Lower in G12C
ENSG00000152931.9,PART1,lncRNA,43.465472969967855,2.829647425027778,2.6620095282172063,6.421546972495443,1.3489637405616244e-10,7.425341067139877e-8,TRUE,Higher in G12C
ENSG00000228695.10,CES1P1,transcribed_unprocessed_pseudogene,50.96101158006386,-2.3251751588102256,-2.19308773293858,-6.408864133911145,1.4660776834051691e-10,7.855861523551594e-8,TRUE,Lower in G12C
ENSG00000115616.3,SLC9A2,protein_coding,143.20866043701042,-2.0652289170288767,-1.9612197131903415,-6.405153369417415,1.5021829918111596e-10,7.910547434291077e-8,TRUE,Lower in G12C
ENSG00000151962.8,RBM46,protein_coding,35.722089405136465,-3.427966951151424,-3.224349353693451,-6.392991034920688,1.6267180286076762e-10,8.421160804705806e-8,TRUE,Lower in G12C
ENSG00000266066.1,POLRMTP1,processed_pseudogene,122.85735556208765,1.7482779793275796,1.6567535849305122,6.38898887302113,1.6698620806011555e-10,8.500432921300183e-8,TRUE,Higher in G12C
ENSG00000077264.15,PAK3,protein_coding,263.934785671062,1.9225750964921349,1.8074031628394278,6.379697664994705,1.774379283360087e-10,8.77828498821165e-8,TRUE,Higher in G12C
ENSG00000256812.2,CAPNS2,protein_coding,62.976740117584356,-2.8016398917942062,-2.6318427669134428,-6.379047640451204,1.781926036306592e-10,8.77828498821165e-8,TRUE,Lower in G12C
ENSG00000067048.17,DDX3Y,protein_coding,994.7746345045289,1.8636666271150617,1.7088150941679068,6.374038147484092,1.841147622864815e-10,8.926059023041276e-8,TRUE,Higher in G12C
ENSG00000114113.6,RBP2,protein_coding,24.987212956218887,-2.054159862550207,-1.9460631775483195,-6.335774039554014,2.3615267059272967e-10,1.1270017215490222e-7,TRUE,Lower in G12C
ENSG00000122711.9,SPINK4,protein_coding,71.78038045084433,3.0014889340001263,2.6959037096647367,6.326926749502486,2.500919993412292e-10,1.1751630670583327e-7,TRUE,Higher in G12C
ENSG00000152092.16,ASTN1,protein_coding,55.18883698932963,-2.390035972298975,-2.2537707590375535,-6.322852736852668,2.567779923962323e-10,1.1882985184482004e-7,TRUE,Lower in G12C
ENSG00000197520.10,FAM177B,protein_coding,149.25816631535398,1.7515288374988887,1.6599712485611131,6.319470658304323,2.6246077452041736e-10,1.1964685725637474e-7,TRUE,Higher in G12C
ENSG00000135472.9,FAIM2,protein_coding,268.3759305546419,1.6894513092458963,1.5938858758580097,6.298334179155155,3.008613407631371e-10,1.3513541074894847e-7,TRUE,Higher in G12C
ENSG00000109832.14,DDX25,protein_coding,29.63030038223354,-2.00221610860261,-1.8922857742914718,-6.246953835670109,4.1853469419585236e-10,1.8526529224382493e-7,TRUE,Lower in G12C
ENSG00000156689.7,GLYATL2,protein_coding,113.6066578825155,-3.021225863088751,-2.7966353124971346,-6.171169840427925,6.77865575889313e-10,2.957721183483898e-7,TRUE,Lower in G12C
ENSG00000067646.12,ZFY,protein_coding,263.18216201461877,1.7653071966919702,1.6276072486552289,6.161454147229534,7.20799433125954e-10,3.0576912619397237e-7,TRUE,Higher in G12C
ENSG00000259828.1,AL355596.1,lncRNA,38.17267471831096,-2.8404978466839492,-2.670214569894931,-6.163355264732635,7.121947548134044e-10,3.0576912619397237e-7,TRUE,Lower in G12C
ENSG00000231533.2,AL391840.1,lncRNA,19.835993120990995,1.9072690291432621,1.7357182018887731,6.107947738690961,1.0092038557961757e-9,4.2224812832304926e-7,TRUE,Higher in G12C
ENSG00000170477.13,KRT4,protein_coding,612.3881077484459,-2.287614689970116,-2.145950632346063,-6.100843606737021,1.0551010531779763e-9,4.354858306380396e-7,TRUE,Lower in G12C
ENSG00000120875.9,DUSP4,protein_coding,4927.969540022051,1.457313460023913,1.3765731208887304,6.095299501811147,1.092327434136086e-9,4.448394242775797e-7,TRUE,Higher in G12C
ENSG00000182366.10,FAM87A,lncRNA,11.285550589376863,1.7380630555785297,1.6312000678247482,6.090453457535481,1.1259131445542977e-9,4.5248375229107783e-7,TRUE,Higher in G12C
ENSG00000168913.7,ENHO,protein_coding,19.57911826428177,-1.5587541928034978,-1.4699573478575068,-6.03865129191247,1.554076764368229e-9,6.085405976166516e-7,TRUE,Lower in G12C
ENSG00000180251.5,SLC9A4,protein_coding,37.54837741007391,-3.2152807574707962,-2.9124257429440794,-6.029120040000175,1.6485481003059285e-9,6.373620838942275e-7,TRUE,Lower in G12C
ENSG00000148053.17,NTRK2,protein_coding,417.2584858784054,-1.7339609098395798,-1.625667364738472,-6.0186760146431535,1.7584943066328595e-9,6.713711450935929e-7,TRUE,Lower in G12C
ENSG00000139292.13,LGR5,protein_coding,213.21758489988568,-2.0379659737583653,-1.9158530150248922,-6.0092086211014974,1.8643110067698145e-9,7.029833466638327e-7,TRUE,Lower in G12C
ENSG00000196542.8,SPTSSB,protein_coding,297.8721975297637,-2.245928453473934,-2.1045443756192417,-6.002472318936283,1.9433540100979194e-9,7.2385196988318e-7,TRUE,Lower in G12C
ENSG00000102243.13,VGLL1,protein_coding,221.04889118436066,-2.1371216781377758,-1.999306803115745,-5.998100931643267,1.9963842851815894e-9,7.346453641241119e-7,TRUE,Lower in G12C
ENSG00000279415.1,AC099494.2,TEC,14.820157141301113,1.0866528551035897,1.0247739941497085,5.981142362732333,2.2157810642437882e-9,8.056738219666431e-7,TRUE,Higher in G12C
ENSG00000130035.9,GALNT8,protein_coding,12.345529605106059,-1.8995853286079223,-1.783992479684607,-5.958467888436222,2.5461366412865884e-9,9.042633887769335e-7,TRUE,Lower in G12C
ENSG00000101098.13,RIMS4,protein_coding,67.50777668963784,-2.201582892566061,-2.065530123361825,-5.927346737854785,3.0786845990578394e-9,1.0808306173450987e-6,TRUE,Lower in G12C
ENSG00000165246.14,NLGN4Y,protein_coding,111.14774227537578,1.7244109636164737,1.6021640152596457,5.918686578491482,3.2452271676693925e-9,1.1263519702514347e-6,TRUE,Higher in G12C
ENSG00000005421.9,PON1,protein_coding,101.47188995444682,1.6026314329586748,1.51171172007017,5.915803139394394,3.3026003289147227e-9,1.1333856387195772e-6,TRUE,Higher in G12C
ENSG00000139445.18,FOXN4,protein_coding,36.550159254549534,-2.703372487826894,-2.544741509507293,-5.900412115861172,3.6259472140674167e-9,1.2170033599918802e-6,TRUE,Lower in G12C
ENSG00000163331.12,DAPL1,protein_coding,51.372125684554526,-2.0983301438825435,-1.9589409923432575,-5.902213377010551,3.5865687114075895e-9,1.2170033599918802e-6,TRUE,Lower in G12C
ENSG00000225606.1,AC005281.1,lncRNA,6.444790147748193,1.6639716385588914,1.5573291319333857,5.890276422673655,3.855501631590976e-9,1.2799846340617739e-6,TRUE,Higher in G12C
ENSG00000133169.6,BEX1,protein_coding,110.06147293475641,-2.6518138075132325,-2.469627148233288,-5.85947923950158,4.6432092647414855e-9,1.5249197911075182e-6,TRUE,Lower in G12C
ENSG00000140505.7,CYP1A2,protein_coding,11.272525486422353,-2.6881422066190708,-2.4206956838756892,-5.855805310350203,4.747040662831819e-9,1.5424347123922578e-06,TRUE,Lower in G12C
ENSG00000146411.6,SLC2A12,protein_coding,262.1169610229477,-1.361441702629582,-1.2805091119800256,-5.789735804575455,7.049722225696961e-9,2.2665227993627605e-6,TRUE,Lower in G12C
ENSG00000253709.1,IGHV1-14,IG_V_pseudogene,25.71119711330897,1.8948977775932836,1.7032965989961963,5.78163531340725,7.3977941973733625e-9,2.3293899811378826e-6,TRUE,Higher in G12C
ENSG00000105894.12,PTN,protein_coding,713.1054137188123,1.662478111876736,1.541224226869823,5.7731120632959865,7.782064745345633e-9,2.4253837093580783e-6,TRUE,Higher in G12C
ENSG00000169903.7,TM4SF4,protein_coding,1931.6692259117065,2.64451659133886,2.3025750100421387,5.758040174012038,8.509610591566142e-9,2.599090362982047e-6,TRUE,Higher in G12C
ENSG00000198692.10,EIF1AY,protein_coding,437.33995151687475,1.7401281874347914,1.5596972630892783,5.729803528244654,1.0054702325284422e-8,2.981560904088953e-6,TRUE,Higher in G12C
ENSG00000214691.9,LINC01913,lncRNA,14.477691452175208,1.8919096492144387,1.76534385584055,5.698893966323243,1.2058719378908263e-8,3.5233718867303252e-6,TRUE,Higher in G12C
ENSG00000122966.17,CIT,protein_coding,7173.5835829378075,1.2956199700704454,1.2144179270989368,5.652651976154889,1.579909975979048e-8,4.5098308781615e-6,TRUE,Higher in G12C
ENSG00000229847.9,EMX2OS,lncRNA,24.611190357327246,2.6450225703859593,2.2825536266214193,5.653288986765994,1.5740632413814357e-8,4.5098308781615e-6,TRUE,Higher in G12C
ENSG00000257135.7,ODC1-DT,lncRNA,145.5355116409596,1.0760477104615982,1.0102881653804372,5.63506266724973,1.7499469003806213e-8,4.94894705354864e-6,TRUE,Higher in G12C
ENSG00000078399.19,HOXA9,protein_coding,39.67496994661805,-1.874293266671961,-1.7400559339596113,-5.627190963804063,1.8316791419115516e-8,5.0259499059836345e-6,TRUE,Lower in G12C
ENSG00000146453.13,PNLDC1,protein_coding,27.008037618398507,-1.838098351406871,-1.7088859096179934,-5.627879247816342,1.824387267780456e-8,5.0259499059836345e-6,TRUE,Lower in G12C
ENSG00000177354.12,C10orf71,protein_coding,20.57882030959301,2.8109151641818686,2.619345002033643,5.629154255568785,1.8109538788860842e-8,5.0259499059836345e-6,TRUE,Higher in G12C
ENSG00000155269.12,GPR78,protein_coding,45.90591797098214,-2.080950649040251,-1.9291312687908901,-5.6124358703989605,1.9949815446260447e-8,5.3449755541678325e-6,TRUE,Lower in G12C
ENSG00000197291.9,RAMP2-AS1,lncRNA,58.94782214663008,-1.3624224666359963,-1.2736100110869355,-5.607135520059918,2.057025941341192e-8,5.46328202838122e-6,TRUE,Lower in G12C
