aliquot_barcode,participant_id,library_size,selected
TCGA-05-4244-01A-01R-1107-07,TCGA-05-4244,63602616,TRUE
TCGA-05-4249-01A-01R-1107-07,TCGA-05-4249,63798287,TRUE
TCGA-05-4250-01A-01R-1107-07,TCGA-05-4250,63024011,TRUE
TCGA-05-4382-01A-01R-1206-07,TCGA-05-4382,93661599,TRUE
TCGA-05-4384-01A-01R-1755-07,TCGA-05-4384,33032251,TRUE
TCGA-05-4389-01A-01R-1206-07,TCGA-05-4389,62143459,TRUE
TCGA-05-4396-01A-21R-1858-07,TCGA-05-4396,27381440,TRUE
TCGA-05-4397-01A-01R-1206-07,TCGA-05-4397,95294578,TRUE
TCGA-05-4398-01A-01R-1206-07,TCGA-05-4398,101235803,TRUE
TCGA-05-4402-01A-01R-1206-07,TCGA-05-4402,93295577,TRUE
TCGA-05-4403-01A-01R-1206-07,TCGA-05-4403,93775090,TRUE
TCGA-05-4405-01A-21R-1858-07,TCGA-05-4405,30481855,TRUE
TCGA-05-4410-01A-21R-1858-07,TCGA-05-4410,27574347,TRUE
TCGA-05-4415-01A-22R-1858-07,TCGA-05-4415,46092883,TRUE
TCGA-05-4417-01A-22R-1858-07,TCGA-05-4417,35443567,TRUE
TCGA-05-4418-01A-01R-1206-07,TCGA-05-4418,76213563,TRUE
TCGA-05-4420-01A-01R-1206-07,TCGA-05-4420,86378847,TRUE
TCGA-05-4422-01A-01R-1206-07,TCGA-05-4422,80662806,TRUE
TCGA-05-4424-01A-22R-1858-07,TCGA-05-4424,41635571,TRUE
TCGA-05-4425-01A-01R-1755-07,TCGA-05-4425,35836173,TRUE
TCGA-05-4426-01A-01R-1206-07,TCGA-05-4426,84232730,TRUE
TCGA-05-4430-01A-02R-1206-07,TCGA-05-4430,68718971,TRUE
TCGA-05-4432-01A-01R-1206-07,TCGA-05-4432,75547030,TRUE
TCGA-05-4434-01A-01R-1206-07,TCGA-05-4434,94449495,TRUE
TCGA-05-5420-01A-01R-1628-07,TCGA-05-5420,29853599,TRUE
TCGA-05-5423-01A-01R-1628-07,TCGA-05-5423,32408533,TRUE
TCGA-05-5425-01A-02R-1628-07,TCGA-05-5425,38273362,TRUE
TCGA-05-5428-01A-01R-1628-07,TCGA-05-5428,30471157,TRUE
TCGA-05-5429-01A-01R-1628-07,TCGA-05-5429,29369096,TRUE
TCGA-05-5715-01A-01R-1628-07,TCGA-05-5715,28413182,TRUE
TCGA-35-4122-01A-01R-1107-07,TCGA-35-4122,54362050,TRUE
TCGA-35-4123-01A-01R-1107-07,TCGA-35-4123,50701624,TRUE
TCGA-35-5375-01A-01R-1628-07,TCGA-35-5375,23216388,TRUE
TCGA-38-4625-01A-01R-1206-07,TCGA-38-4625,94099370,TRUE
TCGA-38-4626-01A-01R-1206-07,TCGA-38-4626,103673396,TRUE
TCGA-38-4627-01A-01R-1206-07,TCGA-38-4627,64670974,TRUE
TCGA-38-4628-01A-01R-1206-07,TCGA-38-4628,74931567,TRUE
TCGA-38-4629-01A-02R-1206-07,TCGA-38-4629,76757141,TRUE
TCGA-38-4630-01A-01R-1206-07,TCGA-38-4630,91730622,TRUE
TCGA-38-4631-01A-01R-1755-07,TCGA-38-4631,28990293,TRUE
TCGA-38-4632-01A-01R-1755-07,TCGA-38-4632,28328001,TRUE
TCGA-38-6178-01A-11R-1755-07,TCGA-38-6178,24643339,TRUE
TCGA-38-7271-01A-11R-2039-07,TCGA-38-7271,30028699,TRUE
TCGA-38-A44F-01A-11R-A24H-07,TCGA-38-A44F,39303564,TRUE
TCGA-44-2655-01A-01R-0946-07,TCGA-44-2655,86382334,TRUE
TCGA-44-2656-01A-02R-0946-07,TCGA-44-2656,81612504,TRUE
TCGA-44-2656-01A-02R-A278-07,TCGA-44-2656,51740802,FALSE
TCGA-44-2656-01B-06R-A277-07,TCGA-44-2656,21047767,FALSE
TCGA-44-2657-01A-01R-1107-07,TCGA-44-2657,36069891,TRUE
TCGA-44-2661-01A-01R-1107-07,TCGA-44-2661,53030788,TRUE
TCGA-44-2662-01A-01R-0946-07,TCGA-44-2662,67319156,TRUE
TCGA-44-2662-01A-01R-A278-07,TCGA-44-2662,43812864,FALSE
TCGA-44-2662-01B-02R-A277-07,TCGA-44-2662,18708551,FALSE
TCGA-44-2665-01A-01R-0946-07,TCGA-44-2665,53902881,TRUE
TCGA-44-2665-01A-01R-A278-07,TCGA-44-2665,43122325,FALSE
TCGA-44-2665-01B-06R-A277-07,TCGA-44-2665,8615501,FALSE
TCGA-44-2666-01A-01R-0946-07,TCGA-44-2666,60440340,TRUE
TCGA-44-2666-01A-01R-A278-07,TCGA-44-2666,39806967,FALSE
TCGA-44-2666-01B-02R-A277-07,TCGA-44-2666,24380740,FALSE
TCGA-44-2668-01A-01R-0946-07,TCGA-44-2668,79990528,TRUE
TCGA-44-2668-01A-01R-A278-07,TCGA-44-2668,30611841,FALSE
TCGA-44-2668-01B-02R-A277-07,TCGA-44-2668,27702890,FALSE
TCGA-44-3396-01A-01R-1206-07,TCGA-44-3396,97959719,TRUE
TCGA-44-3398-01A-01R-1107-07,TCGA-44-3398,60032308,TRUE
TCGA-44-3918-01A-01R-1107-07,TCGA-44-3918,61544489,TRUE
TCGA-44-3918-01A-01R-A278-07,TCGA-44-3918,41700711,FALSE
TCGA-44-3918-01B-02R-A277-07,TCGA-44-3918,22363313,FALSE
TCGA-44-3919-01A-02R-1107-07,TCGA-44-3919,67900869,TRUE
TCGA-44-4112-01A-01R-1107-07,TCGA-44-4112,54631123,TRUE
TCGA-44-4112-01A-01R-A278-07,TCGA-44-4112,32296353,FALSE
TCGA-44-4112-01B-06R-A277-07,TCGA-44-4112,24949171,FALSE
TCGA-44-5643-01A-01R-1628-07,TCGA-44-5643,35622505,TRUE
TCGA-44-5644-01A-21R-2039-07,TCGA-44-5644,31376189,TRUE
TCGA-44-5645-01A-01R-A278-07,TCGA-44-5645,44642161,TRUE
TCGA-44-5645-01A-01R-1628-07,TCGA-44-5645,35446033,FALSE
TCGA-44-5645-01B-04R-A277-07,TCGA-44-5645,27895741,FALSE
TCGA-44-6147-01A-11R-1755-07,TCGA-44-6147,40567069,TRUE
TCGA-44-6147-01A-11R-A278-07,TCGA-44-6147,36525659,FALSE
TCGA-44-6147-01B-06R-A277-07,TCGA-44-6147,21519130,FALSE
TCGA-44-6148-01A-11R-1755-07,TCGA-44-6148,39178206,TRUE
TCGA-44-6774-01A-21R-1858-07,TCGA-44-6774,25388728,TRUE
TCGA-44-6775-01A-11R-1858-07,TCGA-44-6775,40695296,TRUE
TCGA-44-6775-01A-11R-A278-07,TCGA-44-6775,34887997,FALSE
TCGA-44-6775-01C-02R-A277-07,TCGA-44-6775,20759776,FALSE
TCGA-44-6777-01A-11R-1858-07,TCGA-44-6777,45602151,TRUE
TCGA-44-6778-01A-11R-1858-07,TCGA-44-6778,33191983,TRUE
TCGA-44-6779-01A-11R-1858-07,TCGA-44-6779,25598731,TRUE
TCGA-44-7659-01A-11R-2066-07,TCGA-44-7659,29037929,TRUE
TCGA-44-7660-01A-11R-2066-07,TCGA-44-7660,54677382,TRUE
TCGA-44-7662-01A-11R-2066-07,TCGA-44-7662,73429389,TRUE
TCGA-44-7667-01A-31R-2066-07,TCGA-44-7667,59791688,TRUE
TCGA-44-7669-01A-21R-2066-07,TCGA-44-7669,64293707,TRUE
TCGA-44-7670-01A-11R-2066-07,TCGA-44-7670,64582716,TRUE
TCGA-44-7671-01A-11R-2066-07,TCGA-44-7671,70220747,TRUE
TCGA-44-8119-01A-11R-2241-07,TCGA-44-8119,90176346,TRUE
TCGA-44-8120-01A-11R-2241-07,TCGA-44-8120,69993994,TRUE
TCGA-44-A479-01A-31R-A24H-07,TCGA-44-A479,40284106,TRUE
TCGA-44-A47B-01A-11R-A24H-07,TCGA-44-A47B,48911043,TRUE
TCGA-44-A47G-01A-21R-A24H-07,TCGA-44-A47G,41196772,TRUE
TCGA-44-A4SS-01A-11R-A24X-07,TCGA-44-A4SS,38697317,TRUE
TCGA-44-A4SU-01A-11R-A24X-07,TCGA-44-A4SU,48903542,TRUE
TCGA-49-4486-01A-01R-1206-07,TCGA-49-4486,81750346,TRUE
TCGA-49-4487-01A-21R-1858-07,TCGA-49-4487,26993827,TRUE
TCGA-49-4488-01A-01R-1755-07,TCGA-49-4488,28414968,TRUE
TCGA-49-4490-01A-21R-1858-07,TCGA-49-4490,26041204,TRUE
TCGA-49-4494-01A-01R-1206-07,TCGA-49-4494,78194142,TRUE
TCGA-49-4501-01A-01R-1206-07,TCGA-49-4501,84752869,TRUE
TCGA-49-4505-01A-01R-1206-07,TCGA-49-4505,84865406,TRUE
TCGA-49-4506-01A-01R-1206-07,TCGA-49-4506,77916704,TRUE
TCGA-49-4507-01A-01R-1206-07,TCGA-49-4507,72181589,TRUE
TCGA-49-4512-01A-21R-1858-07,TCGA-49-4512,32021139,TRUE
TCGA-49-4514-01A-21R-1858-07,TCGA-49-4514,34627613,TRUE
TCGA-49-6742-01A-11R-1858-07,TCGA-49-6742,30207363,TRUE
TCGA-49-6743-01A-11R-1858-07,TCGA-49-6743,39234760,TRUE
TCGA-49-6744-01A-11R-1858-07,TCGA-49-6744,43017353,TRUE
TCGA-49-6745-01A-11R-1858-07,TCGA-49-6745,41697605,TRUE
TCGA-49-6761-01A-31R-1949-07,TCGA-49-6761,31516262,TRUE
TCGA-49-6767-01A-11R-1858-07,TCGA-49-6767,33542388,TRUE
TCGA-49-AAQV-01A-11R-A39D-07,TCGA-49-AAQV,64977563,TRUE
TCGA-49-AAR0-01A-21R-A39D-07,TCGA-49-AAR0,45891853,TRUE
TCGA-49-AAR2-01A-11R-A39D-07,TCGA-49-AAR2,45557913,TRUE
TCGA-49-AAR3-01A-11R-A41B-07,TCGA-49-AAR3,25873349,TRUE
TCGA-49-AAR4-01A-12R-A41B-07,TCGA-49-AAR4,35873945,TRUE
TCGA-49-AAR9-01A-21R-A41B-07,TCGA-49-AAR9,45358523,TRUE
TCGA-49-AARE-01A-11R-A41B-07,TCGA-49-AARE,54237931,TRUE
TCGA-49-AARN-01A-21R-A41B-07,TCGA-49-AARN,27362148,TRUE
TCGA-49-AARR-01A-11R-A41B-07,TCGA-49-AARR,41306958,TRUE
TCGA-4B-A93V-01A-11R-A39D-07,TCGA-4B-A93V,52538923,TRUE
TCGA-50-5044-01A-21R-1858-07,TCGA-50-5044,27287609,TRUE
TCGA-50-5045-01A-01R-1628-07,TCGA-50-5045,56034840,TRUE
TCGA-50-5049-01A-01R-1628-07,TCGA-50-5049,41231451,TRUE
TCGA-50-5051-01A-21R-1858-07,TCGA-50-5051,32302107,TRUE
TCGA-50-5055-01A-01R-1628-07,TCGA-50-5055,26875141,TRUE
TCGA-50-5066-01A-01R-1628-07,TCGA-50-5066,30739060,TRUE
TCGA-50-5068-01A-01R-1628-07,TCGA-50-5068,27817858,TRUE
TCGA-50-5072-01A-21R-1858-07,TCGA-50-5072,47543774,TRUE
TCGA-50-5930-01A-11R-1755-07,TCGA-50-5930,19143672,TRUE
TCGA-50-5931-01A-11R-1755-07,TCGA-50-5931,32259238,TRUE
TCGA-50-5932-01A-11R-1755-07,TCGA-50-5932,51244782,TRUE
TCGA-50-5933-01A-11R-1755-07,TCGA-50-5933,39065196,TRUE
TCGA-50-5935-01A-11R-1755-07,TCGA-50-5935,32997254,TRUE
TCGA-50-5936-01A-11R-1628-07,TCGA-50-5936,27097764,TRUE
TCGA-50-5939-01A-11R-1628-07,TCGA-50-5939,30992597,TRUE
TCGA-50-5942-01A-21R-1755-07,TCGA-50-5942,37346222,TRUE
TCGA-50-5944-01A-11R-1755-07,TCGA-50-5944,36022531,TRUE
TCGA-50-5946-01A-11R-1755-07,TCGA-50-5946,63763109,TRUE
TCGA-50-6590-01A-12R-1858-07,TCGA-50-6590,39691396,TRUE
TCGA-50-6591-01A-11R-1755-07,TCGA-50-6591,34069371,TRUE
TCGA-50-6592-01A-11R-1755-07,TCGA-50-6592,49921537,TRUE
TCGA-50-6593-01A-11R-1755-07,TCGA-50-6593,33275502,TRUE
TCGA-50-6594-01A-11R-1755-07,TCGA-50-6594,28653940,TRUE
TCGA-50-6595-01A-12R-1858-07,TCGA-50-6595,32848202,TRUE
TCGA-50-6597-01A-11R-1858-07,TCGA-50-6597,27187692,TRUE
TCGA-50-6673-01A-11R-1949-07,TCGA-50-6673,39206838,TRUE
TCGA-50-7109-01A-11R-2039-07,TCGA-50-7109,41662734,TRUE
TCGA-50-8457-01A-11R-2326-07,TCGA-50-8457,51683939,TRUE
TCGA-50-8459-01A-11R-2326-07,TCGA-50-8459,45756037,TRUE
TCGA-50-8460-01A-11R-2326-07,TCGA-50-8460,42241041,TRUE
TCGA-53-7624-01A-11R-2066-07,TCGA-53-7624,45381568,TRUE
TCGA-53-7626-01A-12R-2066-07,TCGA-53-7626,72954241,TRUE
TCGA-53-A4EZ-01A-12R-A24X-07,TCGA-53-A4EZ,54392797,TRUE
TCGA-55-1592-01A-01R-0946-07,TCGA-55-1592,75839347,TRUE
TCGA-55-1594-01A-01R-0946-07,TCGA-55-1594,51283631,TRUE
TCGA-55-1595-01A-01R-0946-07,TCGA-55-1595,71415448,TRUE
TCGA-55-1596-01A-01R-0946-07,TCGA-55-1596,35088261,TRUE
TCGA-55-5899-01A-11R-1628-07,TCGA-55-5899,34517429,TRUE
TCGA-55-6543-01A-11R-1755-07,TCGA-55-6543,38111792,TRUE
TCGA-55-6712-01A-11R-1858-07,TCGA-55-6712,29406686,TRUE
TCGA-55-6968-01A-11R-1949-07,TCGA-55-6968,34751414,TRUE
TCGA-55-6969-01A-11R-1949-07,TCGA-55-6969,68110937,TRUE
TCGA-55-6971-01A-11R-1949-07,TCGA-55-6971,27303888,TRUE
TCGA-55-6972-01A-11R-1949-07,TCGA-55-6972,22393758,TRUE
TCGA-55-6978-01A-11R-1949-07,TCGA-55-6978,60487568,TRUE
TCGA-55-6979-01A-11R-1949-07,TCGA-55-6979,30631021,TRUE
TCGA-55-6980-01A-11R-1949-07,TCGA-55-6980,24993096,TRUE
TCGA-55-6981-01A-11R-1949-07,TCGA-55-6981,24458591,TRUE
TCGA-55-6982-01A-11R-1949-07,TCGA-55-6982,27317311,TRUE
TCGA-55-6983-01A-11R-1949-07,TCGA-55-6983,67008370,TRUE
TCGA-55-6985-01A-11R-1949-07,TCGA-55-6985,30509945,TRUE
TCGA-55-6986-01A-11R-1949-07,TCGA-55-6986,30498654,TRUE
TCGA-55-6987-01A-11R-1949-07,TCGA-55-6987,81007263,TRUE
TCGA-55-7227-01A-11R-2039-07,TCGA-55-7227,36615449,TRUE
TCGA-55-7281-01A-11R-2039-07,TCGA-55-7281,42969058,TRUE
TCGA-55-7570-01A-11R-2039-07,TCGA-55-7570,46942620,TRUE
TCGA-55-7573-01A-11R-2039-07,TCGA-55-7573,32109610,TRUE
TCGA-55-7574-01A-11R-2039-07,TCGA-55-7574,27934941,TRUE
TCGA-55-7724-01A-11R-2170-07,TCGA-55-7724,22772639,TRUE
TCGA-55-7726-01A-11R-2170-07,TCGA-55-7726,25979736,TRUE
TCGA-55-7727-01A-11R-2170-07,TCGA-55-7727,22529958,TRUE
TCGA-55-7816-01A-11R-2170-07,TCGA-55-7816,56246228,TRUE
TCGA-55-7903-01A-11R-2170-07,TCGA-55-7903,45030762,TRUE
TCGA-55-7907-01A-11R-2170-07,TCGA-55-7907,27965236,TRUE
TCGA-55-7913-01B-11R-2241-07,TCGA-55-7913,73882865,TRUE
TCGA-55-7914-01A-11R-2170-07,TCGA-55-7914,42803533,TRUE
TCGA-55-7994-01A-11R-2187-07,TCGA-55-7994,64164710,TRUE
TCGA-55-7995-01A-11R-2187-07,TCGA-55-7995,70270756,TRUE
TCGA-55-8085-01A-11R-2241-07,TCGA-55-8085,64875987,TRUE
TCGA-55-8087-01A-11R-2241-07,TCGA-55-8087,71573567,TRUE
TCGA-55-8089-01A-11R-2241-07,TCGA-55-8089,66962229,TRUE
TCGA-55-8091-01A-11R-2241-07,TCGA-55-8091,60579652,TRUE
TCGA-55-8092-01A-11R-2241-07,TCGA-55-8092,67053369,TRUE
TCGA-55-8096-01A-11R-2241-07,TCGA-55-8096,75716427,TRUE
TCGA-55-8097-01A-11R-2241-07,TCGA-55-8097,70835524,TRUE
TCGA-55-8203-01A-11R-2241-07,TCGA-55-8203,72843319,TRUE
TCGA-55-8204-01A-11R-2241-07,TCGA-55-8204,57046213,TRUE
TCGA-55-8205-01A-11R-2241-07,TCGA-55-8205,62357847,TRUE
TCGA-55-8206-01A-11R-2241-07,TCGA-55-8206,69932649,TRUE
TCGA-55-8207-01A-11R-2241-07,TCGA-55-8207,65681950,TRUE
TCGA-55-8208-01A-11R-2241-07,TCGA-55-8208,57639141,TRUE
TCGA-55-8299-01A-11R-2287-07,TCGA-55-8299,50871939,TRUE
TCGA-55-8301-01A-11R-2287-07,TCGA-55-8301,54486120,TRUE
TCGA-55-8302-01A-11R-2326-07,TCGA-55-8302,38908065,TRUE
TCGA-55-8506-01A-11R-2403-07,TCGA-55-8506,36823196,TRUE
TCGA-55-8507-01A-11R-2403-07,TCGA-55-8507,37917233,TRUE
TCGA-55-8508-01A-11R-2403-07,TCGA-55-8508,29044643,TRUE
TCGA-55-8510-01A-11R-2403-07,TCGA-55-8510,36378519,TRUE
TCGA-55-8511-01A-11R-2403-07,TCGA-55-8511,38162691,TRUE
TCGA-55-8513-01A-11R-2403-07,TCGA-55-8513,29313663,TRUE
TCGA-55-8614-01A-11R-2403-07,TCGA-55-8614,34586515,TRUE
TCGA-55-8615-01A-11R-2403-07,TCGA-55-8615,40830613,TRUE
TCGA-55-8616-01A-11R-2403-07,TCGA-55-8616,40210323,TRUE
TCGA-55-8619-01A-11R-2403-07,TCGA-55-8619,40720935,TRUE
TCGA-55-8620-01A-11R-2403-07,TCGA-55-8620,35436054,TRUE
TCGA-55-8621-01A-11R-2403-07,TCGA-55-8621,42974140,TRUE
TCGA-55-A48X-01A-11R-A24H-07,TCGA-55-A48X,42140603,TRUE
TCGA-55-A48Y-01A-11R-A24H-07,TCGA-55-A48Y,43835538,TRUE
TCGA-55-A48Z-01A-12R-A24X-07,TCGA-55-A48Z,46181571,TRUE
TCGA-55-A490-01A-11R-A466-07,TCGA-55-A490,46096822,TRUE
TCGA-55-A491-01A-11R-A24H-07,TCGA-55-A491,43535937,TRUE
TCGA-55-A492-01A-11R-A24H-07,TCGA-55-A492,46902050,TRUE
TCGA-55-A493-01A-11R-A24H-07,TCGA-55-A493,44084175,TRUE
TCGA-55-A4DF-01A-11R-A24H-07,TCGA-55-A4DF,43811456,TRUE
TCGA-55-A4DG-01A-11R-A24H-07,TCGA-55-A4DG,40410099,TRUE
TCGA-55-A57B-01A-12R-A39D-07,TCGA-55-A57B,58525313,TRUE
TCGA-62-8394-01A-11R-2326-07,TCGA-62-8394,47702642,TRUE
TCGA-62-8395-01A-11R-2326-07,TCGA-62-8395,44092313,TRUE
TCGA-62-8397-01A-11R-2326-07,TCGA-62-8397,18571641,TRUE
TCGA-62-8399-01A-21R-2326-07,TCGA-62-8399,51254577,TRUE
TCGA-62-8402-01A-11R-2326-07,TCGA-62-8402,41192711,TRUE
TCGA-62-A46O-01A-11R-A24H-07,TCGA-62-A46O,37535998,TRUE
TCGA-62-A46P-01A-11R-A24H-07,TCGA-62-A46P,30434138,TRUE
TCGA-62-A46U-01A-11R-A24H-07,TCGA-62-A46U,48528961,TRUE
TCGA-62-A46V-01A-11R-A24H-07,TCGA-62-A46V,42599033,TRUE
TCGA-62-A46Y-01A-11R-A24H-07,TCGA-62-A46Y,45434403,TRUE
TCGA-62-A470-01A-11R-A24H-07,TCGA-62-A470,18001906,TRUE
TCGA-62-A471-01A-12R-A24H-07,TCGA-62-A471,43156475,TRUE
TCGA-62-A472-01A-11R-A24H-07,TCGA-62-A472,21164625,TRUE
TCGA-64-1676-01A-01R-0946-07,TCGA-64-1676,36435686,TRUE
TCGA-64-1677-01A-01R-0946-07,TCGA-64-1677,23048855,TRUE
TCGA-64-1678-01A-01R-0946-07,TCGA-64-1678,31782400,TRUE
TCGA-64-1679-01A-21R-2066-07,TCGA-64-1679,77767889,TRUE
TCGA-64-1680-01A-02R-0946-07,TCGA-64-1680,32812081,TRUE
TCGA-64-1681-01A-11R-2066-07,TCGA-64-1681,60327122,TRUE
TCGA-64-5774-01A-01R-1628-07,TCGA-64-5774,43217538,TRUE
TCGA-64-5778-01A-01R-1628-07,TCGA-64-5778,41930525,TRUE
TCGA-64-5779-01A-01R-1628-07,TCGA-64-5779,32195953,TRUE
TCGA-64-5781-01A-01R-1628-07,TCGA-64-5781,35218872,TRUE
TCGA-67-3770-01A-01R-0946-07,TCGA-67-3770,26245140,TRUE
TCGA-67-3771-01A-01R-0946-07,TCGA-67-3771,32381649,TRUE
TCGA-67-3774-01A-01R-0946-07,TCGA-67-3774,37965407,TRUE
TCGA-67-6215-01A-11R-1755-07,TCGA-67-6215,77072339,TRUE
TCGA-67-6216-01A-11R-1755-07,TCGA-67-6216,38802258,TRUE
TCGA-67-6217-01A-11R-1755-07,TCGA-67-6217,38494301,TRUE
TCGA-69-7760-01A-11R-2170-07,TCGA-69-7760,40762980,TRUE
TCGA-69-7761-01A-11R-2170-07,TCGA-69-7761,43059029,TRUE
TCGA-69-7763-01A-11R-2170-07,TCGA-69-7763,39743981,TRUE
TCGA-69-7764-01A-11R-2170-07,TCGA-69-7764,33447747,TRUE
TCGA-69-7765-01A-11R-2170-07,TCGA-69-7765,38262444,TRUE
TCGA-69-7973-01A-11R-2187-07,TCGA-69-7973,75839309,TRUE
TCGA-69-7978-01A-11R-2187-07,TCGA-69-7978,63809086,TRUE
TCGA-69-7979-01A-11R-2187-07,TCGA-69-7979,68302018,TRUE
TCGA-69-8255-01A-11R-2287-07,TCGA-69-8255,94625118,TRUE
TCGA-69-A59K-01A-11R-A262-07,TCGA-69-A59K,51691596,TRUE
TCGA-71-6725-01A-11R-1858-07,TCGA-71-6725,71287647,TRUE
TCGA-71-8520-01A-11R-2403-07,TCGA-71-8520,32479553,TRUE
TCGA-73-4658-01A-01R-1755-07,TCGA-73-4658,37936612,TRUE
TCGA-73-4659-01A-01R-1206-07,TCGA-73-4659,103639275,TRUE
TCGA-73-4662-01A-01R-1206-07,TCGA-73-4662,91931113,TRUE
TCGA-73-4666-01A-01R-1206-07,TCGA-73-4666,77821130,TRUE
TCGA-73-4668-01A-01R-1206-07,TCGA-73-4668,91375192,TRUE
TCGA-73-4675-01A-01R-1206-07,TCGA-73-4675,78086024,TRUE
TCGA-73-4676-01A-01R-1755-07,TCGA-73-4676,40327213,TRUE
TCGA-73-7498-01A-12R-2187-07,TCGA-73-7498,77498327,TRUE
TCGA-73-7499-01A-11R-2187-07,TCGA-73-7499,59381799,TRUE
TCGA-73-A9RS-01A-11R-A41B-07,TCGA-73-A9RS,22385182,TRUE
TCGA-75-5122-01A-01R-1755-07,TCGA-75-5122,37517214,TRUE
TCGA-75-5125-01A-01R-1755-07,TCGA-75-5125,38216584,TRUE
TCGA-75-5126-01A-01R-1755-07,TCGA-75-5126,29078060,TRUE
TCGA-75-5146-01A-01R-1628-07,TCGA-75-5146,31199974,TRUE
TCGA-75-5147-01A-01R-1628-07,TCGA-75-5147,69504415,TRUE
TCGA-75-6203-01A-11R-1755-07,TCGA-75-6203,34595062,TRUE
TCGA-75-6205-01A-11R-1755-07,TCGA-75-6205,23897778,TRUE
TCGA-75-6207-01A-11R-1755-07,TCGA-75-6207,39903199,TRUE
TCGA-75-6211-01A-11R-1755-07,TCGA-75-6211,31030856,TRUE
TCGA-75-6212-01A-11R-1755-07,TCGA-75-6212,30908501,TRUE
TCGA-75-6214-01A-41R-1949-07,TCGA-75-6214,71589012,TRUE
TCGA-75-7025-01A-12R-1949-07,TCGA-75-7025,61259781,TRUE
TCGA-75-7030-01A-11R-1949-07,TCGA-75-7030,24875971,TRUE
TCGA-75-7031-01A-11R-1949-07,TCGA-75-7031,24664083,TRUE
TCGA-78-7145-01A-11R-2039-07,TCGA-78-7145,39503840,TRUE
TCGA-78-7146-01A-11R-2039-07,TCGA-78-7146,47572140,TRUE
TCGA-78-7147-01A-11R-2039-07,TCGA-78-7147,53557048,TRUE
TCGA-78-7148-01A-11R-2039-07,TCGA-78-7148,44447893,TRUE
TCGA-78-7149-01A-11R-2039-07,TCGA-78-7149,45379241,TRUE
TCGA-78-7150-01A-21R-2039-07,TCGA-78-7150,44307265,TRUE
TCGA-78-7152-01A-11R-2039-07,TCGA-78-7152,23192896,TRUE
TCGA-78-7153-01A-11R-2039-07,TCGA-78-7153,42825228,TRUE
TCGA-78-7154-01A-11R-2039-07,TCGA-78-7154,41339647,TRUE
TCGA-78-7155-01A-11R-2039-07,TCGA-78-7155,34533346,TRUE
TCGA-78-7156-01A-11R-2039-07,TCGA-78-7156,36754736,TRUE
TCGA-78-7158-01A-11R-2039-07,TCGA-78-7158,52277626,TRUE
TCGA-78-7159-01A-11R-2039-07,TCGA-78-7159,43537351,TRUE
TCGA-78-7162-01A-21R-2066-07,TCGA-78-7162,60861964,TRUE
TCGA-78-7163-01A-12R-2066-07,TCGA-78-7163,59479879,TRUE
TCGA-78-7166-01A-12R-2066-07,TCGA-78-7166,66140964,TRUE
TCGA-78-7167-01A-11R-2066-07,TCGA-78-7167,76702684,TRUE
TCGA-78-7220-01A-11R-2039-07,TCGA-78-7220,43185631,TRUE
TCGA-78-7535-01A-11R-2066-07,TCGA-78-7535,70717473,TRUE
TCGA-78-7536-01A-11R-2066-07,TCGA-78-7536,76126859,TRUE
TCGA-78-7537-01A-11R-2066-07,TCGA-78-7537,69858327,TRUE
TCGA-78-7539-01A-11R-2066-07,TCGA-78-7539,68605988,TRUE
TCGA-78-7542-01A-21R-2066-07,TCGA-78-7542,74692302,TRUE
TCGA-78-7633-01A-11R-2066-07,TCGA-78-7633,80355766,TRUE
TCGA-78-8640-01A-11R-2403-07,TCGA-78-8640,36379387,TRUE
TCGA-78-8648-01A-11R-2403-07,TCGA-78-8648,33825283,TRUE
TCGA-78-8660-01A-11R-2403-07,TCGA-78-8660,37138562,TRUE
TCGA-78-8662-01A-11R-2403-07,TCGA-78-8662,31026854,TRUE
TCGA-80-5607-01A-31R-1949-07,TCGA-80-5607,26523703,TRUE
TCGA-80-5611-01A-01R-1628-07,TCGA-80-5611,34794452,TRUE
TCGA-86-6562-01A-11R-1755-07,TCGA-86-6562,36779372,TRUE
TCGA-86-6851-01A-11R-1949-07,TCGA-86-6851,78564862,TRUE
TCGA-86-7701-01A-11R-2170-07,TCGA-86-7701,21517374,TRUE
TCGA-86-7711-01A-11R-2066-07,TCGA-86-7711,73683419,TRUE
TCGA-86-7713-01A-11R-2066-07,TCGA-86-7713,78300251,TRUE
TCGA-86-7714-01A-12R-2170-07,TCGA-86-7714,22613184,TRUE
TCGA-86-7954-01A-11R-2187-07,TCGA-86-7954,74361785,TRUE
TCGA-86-7955-01A-11R-2187-07,TCGA-86-7955,67673307,TRUE
TCGA-86-8055-01A-11R-2241-07,TCGA-86-8055,67078723,TRUE
TCGA-86-8073-01A-11R-2241-07,TCGA-86-8073,75919997,TRUE
TCGA-86-8074-01A-11R-2241-07,TCGA-86-8074,80196986,TRUE
TCGA-86-8075-01A-11R-2241-07,TCGA-86-8075,72559699,TRUE
TCGA-86-8278-01A-11R-2287-07,TCGA-86-8278,84585719,TRUE
TCGA-86-8279-01A-11R-2287-07,TCGA-86-8279,70000639,TRUE
TCGA-86-8280-01A-11R-2287-07,TCGA-86-8280,58854103,TRUE
TCGA-86-8281-01A-11R-2287-07,TCGA-86-8281,60982746,TRUE
TCGA-86-8585-01A-11R-2403-07,TCGA-86-8585,32154495,TRUE
TCGA-86-8668-01A-11R-2403-07,TCGA-86-8668,28921504,TRUE
TCGA-86-8669-01A-11R-2403-07,TCGA-86-8669,33645680,TRUE
TCGA-86-8671-01A-11R-2403-07,TCGA-86-8671,39813396,TRUE
TCGA-86-8672-01A-21R-2403-07,TCGA-86-8672,30195578,TRUE
TCGA-86-8673-01A-11R-2403-07,TCGA-86-8673,35518792,TRUE
TCGA-86-A4D0-01A-11R-A24H-07,TCGA-86-A4D0,46659058,TRUE
TCGA-86-A4P7-01A-11R-A24X-07,TCGA-86-A4P7,45020230,TRUE
TCGA-86-A4P8-01A-11R-A24X-07,TCGA-86-A4P8,47777321,TRUE
TCGA-91-6829-01A-21R-1858-07,TCGA-91-6829,39010072,TRUE
TCGA-91-6830-01A-11R-1949-07,TCGA-91-6830,26938848,TRUE
TCGA-91-6831-01A-11R-1858-07,TCGA-91-6831,31948860,TRUE
TCGA-91-6835-01A-11R-1858-07,TCGA-91-6835,42841858,TRUE
TCGA-91-6840-01A-11R-1949-07,TCGA-91-6840,26467925,TRUE
TCGA-91-6847-01A-11R-1949-07,TCGA-91-6847,58003569,TRUE
TCGA-91-6848-01A-11R-1949-07,TCGA-91-6848,26844382,TRUE
TCGA-91-6849-01A-11R-1949-07,TCGA-91-6849,24263021,TRUE
TCGA-91-7771-01A-11R-2170-07,TCGA-91-7771,39929652,TRUE
TCGA-91-8496-01A-11R-2403-07,TCGA-91-8496,32280609,TRUE
TCGA-91-8497-01A-11R-2403-07,TCGA-91-8497,32921817,TRUE
TCGA-91-8499-01A-11R-2403-07,TCGA-91-8499,31675012,TRUE
TCGA-91-A4BC-01A-11R-A24H-07,TCGA-91-A4BC,37712946,TRUE
TCGA-91-A4BD-01A-11R-A24H-07,TCGA-91-A4BD,29993739,TRUE
TCGA-93-7347-01A-11R-2187-07,TCGA-93-7347,57875149,TRUE
TCGA-93-7348-01A-21R-2039-07,TCGA-93-7348,37777874,TRUE
TCGA-93-A4JN-01A-11R-A24X-07,TCGA-93-A4JN,49627796,TRUE
TCGA-93-A4JP-01A-11R-A24X-07,TCGA-93-A4JP,52086423,TRUE
TCGA-93-A4JQ-01A-11R-A24X-07,TCGA-93-A4JQ,51203481,TRUE
TCGA-95-7043-01A-11R-1949-07,TCGA-95-7043,27592011,TRUE
TCGA-95-7562-01A-11R-2241-07,TCGA-95-7562,65072140,TRUE
TCGA-95-7944-01A-11R-2187-07,TCGA-95-7944,63699161,TRUE
TCGA-95-7947-01A-11R-2187-07,TCGA-95-7947,59775286,TRUE
TCGA-95-7948-01A-11R-2187-07,TCGA-95-7948,62265135,TRUE
TCGA-95-8039-01A-11R-2241-07,TCGA-95-8039,72156359,TRUE
TCGA-95-8494-01A-11R-2326-07,TCGA-95-8494,31514651,TRUE
TCGA-95-A4VK-01A-11R-A262-07,TCGA-95-A4VK,43382554,TRUE
TCGA-97-7546-01A-11R-2039-07,TCGA-97-7546,45168893,TRUE
TCGA-97-7547-01A-11R-2039-07,TCGA-97-7547,55638147,TRUE
TCGA-97-7552-01A-11R-2039-07,TCGA-97-7552,50186786,TRUE
TCGA-97-7553-01A-21R-2039-07,TCGA-97-7553,50929009,TRUE
TCGA-97-7937-01A-11R-2170-07,TCGA-97-7937,53125800,TRUE
TCGA-97-7938-01A-11R-2170-07,TCGA-97-7938,35511816,TRUE
TCGA-97-8171-01A-11R-2287-07,TCGA-97-8171,82509837,TRUE
TCGA-97-8172-01A-11R-2287-07,TCGA-97-8172,80510100,TRUE
TCGA-97-8174-01A-11R-2287-07,TCGA-97-8174,86576281,TRUE
TCGA-97-8175-01A-11R-2287-07,TCGA-97-8175,63381042,TRUE
TCGA-97-8177-01A-11R-2287-07,TCGA-97-8177,67880303,TRUE
TCGA-97-8547-01A-11R-2403-07,TCGA-97-8547,29538070,TRUE
TCGA-97-8552-01A-11R-2403-07,TCGA-97-8552,37392357,TRUE
TCGA-97-A4LX-01A-11R-A24X-07,TCGA-97-A4LX,48262941,TRUE
TCGA-97-A4M0-01A-11R-A24X-07,TCGA-97-A4M0,47707697,TRUE
TCGA-97-A4M1-01A-11R-A24X-07,TCGA-97-A4M1,45286269,TRUE
TCGA-97-A4M3-01A-11R-A24X-07,TCGA-97-A4M3,45455295,TRUE
TCGA-97-A4M5-01A-11R-A24X-07,TCGA-97-A4M5,52078673,TRUE
TCGA-97-A4M6-01A-11R-A24X-07,TCGA-97-A4M6,43762765,TRUE
TCGA-97-A4M7-01A-11R-A24X-07,TCGA-97-A4M7,52845308,TRUE
TCGA-99-7458-01A-11R-2039-07,TCGA-99-7458,63839307,TRUE
TCGA-99-8028-01A-11R-2241-07,TCGA-99-8028,58697024,TRUE
TCGA-99-8032-01A-11R-2241-07,TCGA-99-8032,62508319,TRUE
TCGA-99-8033-01A-11R-2241-07,TCGA-99-8033,72954783,TRUE
TCGA-99-AA5R-01A-11R-A39D-07,TCGA-99-AA5R,42357256,TRUE
TCGA-J2-8192-01A-11R-2241-07,TCGA-J2-8192,78580814,TRUE
TCGA-J2-8194-01A-11R-2241-07,TCGA-J2-8194,64594010,TRUE
TCGA-J2-A4AD-01A-11R-A24H-07,TCGA-J2-A4AD,52572872,TRUE
TCGA-J2-A4AE-01A-21R-A24H-07,TCGA-J2-A4AE,38837889,TRUE
TCGA-L4-A4E5-01A-11R-A24X-07,TCGA-L4-A4E5,46690615,TRUE
TCGA-L4-A4E6-01A-11R-A24H-07,TCGA-L4-A4E6,43504837,TRUE
TCGA-L9-A444-01A-21R-A24H-07,TCGA-L9-A444,34132414,TRUE
TCGA-L9-A50W-01A-12R-A39D-07,TCGA-L9-A50W,56052934,TRUE
TCGA-L9-A5IP-01A-21R-A39D-07,TCGA-L9-A5IP,51958729,TRUE
TCGA-L9-A743-01A-43R-A39D-07,TCGA-L9-A743,46964759,TRUE
TCGA-L9-A7SV-01A-11R-A39D-07,TCGA-L9-A7SV,55979883,TRUE
TCGA-L9-A8F4-01A-11R-A39D-07,TCGA-L9-A8F4,53225666,TRUE
TCGA-MN-A4N1-01A-11R-A24X-07,TCGA-MN-A4N1,50957760,TRUE
TCGA-MN-A4N4-01A-12R-A24X-07,TCGA-MN-A4N4,46062187,TRUE
TCGA-MN-A4N5-01A-11R-A24X-07,TCGA-MN-A4N5,54194584,TRUE
TCGA-MP-A4SV-01A-11R-A24X-07,TCGA-MP-A4SV,46448795,TRUE
TCGA-MP-A4SW-01A-21R-A24X-07,TCGA-MP-A4SW,49242565,TRUE
TCGA-MP-A4T6-01A-32R-A262-07,TCGA-MP-A4T6,55079022,TRUE
TCGA-MP-A4T9-01A-11R-A24X-07,TCGA-MP-A4T9,48486987,TRUE
TCGA-MP-A4TA-01A-21R-A24X-07,TCGA-MP-A4TA,49678437,TRUE
TCGA-MP-A4TC-01A-11R-A24X-07,TCGA-MP-A4TC,46586925,TRUE
TCGA-MP-A4TD-01A-32R-A262-07,TCGA-MP-A4TD,46438482,TRUE
TCGA-MP-A4TE-01A-22R-A466-07,TCGA-MP-A4TE,52832107,TRUE
TCGA-MP-A4TF-01A-11R-A262-07,TCGA-MP-A4TF,29691458,TRUE
TCGA-MP-A4TH-01A-31R-A262-07,TCGA-MP-A4TH,49160338,TRUE
TCGA-MP-A4TK-01A-11R-A24X-07,TCGA-MP-A4TK,46625891,TRUE
TCGA-MP-A5C7-01A-11R-A262-07,TCGA-MP-A5C7,58249143,TRUE
TCGA-NJ-A4YF-01A-12R-A262-07,TCGA-NJ-A4YF,37940247,TRUE
TCGA-NJ-A4YI-01A-11R-A262-07,TCGA-NJ-A4YI,31352331,TRUE
TCGA-NJ-A4YQ-01A-11R-A262-07,TCGA-NJ-A4YQ,36671821,TRUE
TCGA-NJ-A55A-01A-11R-A262-07,TCGA-NJ-A55A,22240434,TRUE
TCGA-NJ-A55O-01A-11R-A262-07,TCGA-NJ-A55O,39619737,TRUE
TCGA-NJ-A7XG-01A-12R-A39D-07,TCGA-NJ-A7XG,49290082,TRUE
TCGA-O1-A52J-01A-11R-A262-07,TCGA-O1-A52J,45840816,TRUE
TCGA-S2-AA1A-01A-12R-A39D-07,TCGA-S2-AA1A,37582696,TRUE
